{
  "properties": {
    "connectionReferences": {
      "shared_commondataserviceforapps": {
        "runtimeSource": "embedded",
        "connection": {
          "connectionReferenceLogicalName": "new_sharedcommondataserviceforapps_347b2"
        },
        "api": {
          "name": "shared_commondataserviceforapps"
        }
      }
    },
    "definition": {
      "$schema": "https://schema.management.azure.com/providers/Microsoft.Logic/schemas/2016-06-01/workflowdefinition.json#",
      "contentVersion": "1.0.0.0",
      "parameters": {
        "$connections": {
          "defaultValue": {},
          "type": "Object"
        },
        "$authentication": {
          "defaultValue": {},
          "type": "SecureObject"
        }
      },
      "triggers": {
        "manual": {
          "metadata": {
            "operationMetadataId": "2a598a04-6bcf-4163-9983-9e6d5b7edca2"
          },
          "type": "Request",
          "kind": "Button",
          "inputs": {
            "schema": {
              "type": "object",
              "properties": {
                "text_2": {
                  "title": "regardingid",
                  "type": "string",
                  "x-ms-dynamically-added": true,
                  "description": "Please enter your input",
                  "x-ms-content-hint": "TEXT"
                },
                "text_3": {
                  "title": "subject",
                  "type": "string",
                  "x-ms-dynamically-added": true,
                  "description": "Please enter your input",
                  "x-ms-content-hint": "TEXT"
                },
                "number": {
                  "title": "order",
                  "type": "number",
                  "x-ms-dynamically-added": true,
                  "description": "Please enter a number",
                  "x-ms-content-hint": "NUMBER"
                },
                "number_1": {
                  "title": "statuscode",
                  "type": "number",
                  "x-ms-dynamically-added": true,
                  "description": "Please enter a number",
                  "x-ms-content-hint": "NUMBER"
                }
              },
              "required": [
                "text_2",
                "text_3",
                "number",
                "number_1"
              ]
            }
          }
        }
      },
      "actions": {
        "if_rejected_or_canceled,_change_main_form_and_end_flow": {
          "actions": {
            "Update_a_vacation_approval": {
              "runAfter": {},
              "metadata": {
                "operationMetadataId": "defec584-6c59-4659-b2b2-542e409ef11c"
              },
              "type": "OpenApiConnection",
              "inputs": {
                "host": {
                  "connectionName": "shared_commondataserviceforapps",
                  "operationId": "UpdateRecord",
                  "apiId": "/providers/Microsoft.PowerApps/apis/shared_commondataserviceforapps"
                },
                "parameters": {
                  "entityName": "new_vacationapprovals",
                  "recordId": "@triggerBody()['text_2']",
                  "item/statecode": "@if(equals(triggerBody()['number_1'],5),0,1)",
                  "item/statuscode": "@triggerBody()['number_1']"
                },
                "authentication": {
                  "type": "Raw",
                  "value": "@json(decodeBase64(triggerOutputs().headers['X-MS-APIM-Tokens']))['$ConnectionKey']"
                }
              }
            },
            "Respond_to_a_PowerApp_or_flow_3": {
              "runAfter": {
                "Update_a_vacation_approval": [
                  "Succeeded"
                ]
              },
              "metadata": {
                "operationMetadataId": "0c3a1caa-3d3e-4451-a878-3935aea7ab84"
              },
              "type": "Response",
              "kind": "PowerApp",
              "inputs": {
                "statusCode": 200,
                "body": {
                  "statuscode": 200
                },
                "schema": {
                  "type": "object",
                  "properties": {
                    "statuscode": {
                      "title": "statuscode",
                      "x-ms-dynamically-added": true,
                      "type": "number"
                    }
                  }
                }
              }
            },
            "Terminate": {
              "runAfter": {
                "Respond_to_a_PowerApp_or_flow_3": [
                  "Succeeded"
                ]
              },
              "metadata": {
                "operationMetadataId": "d28a9d31-6dbc-4d50-b292-50e7412ac41f"
              },
              "type": "Terminate",
              "inputs": {
                "runStatus": "Succeeded"
              }
            }
          },
          "runAfter": {},
          "expression": {
            "or": [
              {
                "equals": [
                  "@triggerBody()['number_1']",
                  5
                ]
              },
              {
                "equals": [
                  "@triggerBody()['number_1']",
                  3
                ]
              }
            ]
          },
          "metadata": {
            "operationMetadataId": "4f34bb38-1168-4888-80b2-c2c709899c23"
          },
          "type": "If"
        },
        "get_approval_flow": {
          "runAfter": {
            "if_rejected_or_canceled,_change_main_form_and_end_flow": [
              "Succeeded"
            ]
          },
          "metadata": {
            "operationMetadataId": "20a786fd-d9ae-4bc3-a99b-dcfb17a9a8a7"
          },
          "type": "OpenApiConnection",
          "inputs": {
            "host": {
              "connectionName": "shared_commondataserviceforapps",
              "operationId": "ListRecords",
              "apiId": "/providers/Microsoft.PowerApps/apis/shared_commondataserviceforapps"
            },
            "parameters": {
              "entityName": "new_approvalflows",
              "$select": "new_approvalflowid",
              "$filter": "new_name eq 'Young‘s flow'",
              "$top": 1
            },
            "authentication": {
              "type": "Raw",
              "value": "@json(decodeBase64(triggerOutputs().headers['X-MS-APIM-Tokens']))['$ConnectionKey']"
            }
          }
        },
        "get_approver": {
          "runAfter": {
            "get_approval_flow": [
              "Succeeded"
            ]
          },
          "metadata": {
            "operationMetadataId": "184f51a3-019d-4528-adcc-b325bc4da717"
          },
          "type": "OpenApiConnection",
          "inputs": {
            "host": {
              "connectionName": "shared_commondataserviceforapps",
              "operationId": "ListRecords",
              "apiId": "/providers/Microsoft.PowerApps/apis/shared_commondataserviceforapps"
            },
            "parameters": {
              "entityName": "new_approvalusers",
              "$select": "new_approver",
              "$filter": "_new_approvalflow_r_value eq @{first(outputs('get_approval_flow')?['body/value'])?['new_approvalflowid']} and new_order eq @{add(triggerBody()['number'],1)}",
              "$top": 1
            },
            "authentication": {
              "type": "Raw",
              "value": "@json(decodeBase64(triggerOutputs().headers['X-MS-APIM-Tokens']))['$ConnectionKey']"
            }
          }
        },
        "if_no_approver,_pass_approval": {
          "actions": {
            "Update_a_vacation_approval_2": {
              "runAfter": {},
              "metadata": {
                "operationMetadataId": "aa2c4b61-712d-48fe-8330-3c13a504c396"
              },
              "type": "OpenApiConnection",
              "inputs": {
                "host": {
                  "connectionName": "shared_commondataserviceforapps",
                  "operationId": "UpdateRecord",
                  "apiId": "/providers/Microsoft.PowerApps/apis/shared_commondataserviceforapps"
                },
                "parameters": {
                  "entityName": "new_vacationapprovals",
                  "recordId": "@triggerBody()['text_2']",
                  "item/statecode": 1,
                  "item/statuscode": 2
                },
                "authentication": {
                  "type": "Raw",
                  "value": "@json(decodeBase64(triggerOutputs().headers['X-MS-APIM-Tokens']))['$ConnectionKey']"
                }
              }
            },
            "Respond_to_a_PowerApp_or_flow_2": {
              "runAfter": {
                "Update_a_vacation_approval_2": [
                  "Succeeded"
                ]
              },
              "metadata": {
                "operationMetadataId": "0c3a1caa-3d3e-4451-a878-3935aea7ab84"
              },
              "type": "Response",
              "kind": "PowerApp",
              "inputs": {
                "statusCode": 200,
                "body": {
                  "statuscode": 200
                },
                "schema": {
                  "type": "object",
                  "properties": {
                    "statuscode": {
                      "title": "statuscode",
                      "x-ms-dynamically-added": true,
                      "type": "number"
                    }
                  }
                }
              }
            },
            "Terminate_2": {
              "runAfter": {
                "Respond_to_a_PowerApp_or_flow_2": [
                  "Succeeded"
                ]
              },
              "metadata": {
                "operationMetadataId": "3d399632-a945-42d6-a4a1-82f6c57d1682"
              },
              "type": "Terminate",
              "inputs": {
                "runStatus": "Succeeded"
              }
            }
          },
          "runAfter": {
            "get_approver": [
              "Succeeded"
            ]
          },
          "expression": {
            "equals": [
              "@first(outputs('get_approver')?['body/value'])",
              "@null"
            ]
          },
          "metadata": {
            "operationMetadataId": "0fb8d1a0-fc9b-4a84-b5d0-994c9fd462d0"
          },
          "type": "If"
        },
        "Add_a_new_approval_task": {
          "runAfter": {
            "if_no_approver,_pass_approval": [
              "Succeeded"
            ]
          },
          "metadata": {
            "operationMetadataId": "9fd5a90d-c329-4a75-85e3-e60a1e65f67b"
          },
          "type": "OpenApiConnection",
          "inputs": {
            "host": {
              "connectionName": "shared_commondataserviceforapps",
              "operationId": "CreateRecord",
              "apiId": "/providers/Microsoft.PowerApps/apis/shared_commondataserviceforapps"
            },
            "parameters": {
              "entityName": "new_approvaltasks",
              "item/subject": "@triggerBody()['text_3']",
              "item/new_approvaltype": 871840000,
              "item/new_order": "@add(triggerBody()['number'],1)",
              "item/ownerid_new_approvaltask@odata.bind": "systemusers/@{first(outputs('get_approver')?['body/value'])?['_new_approver_value']}",
              "item/regardingobjectid_new_vacationapproval_new_approvaltask@odata.bind": "new_vacationapprovals/@{triggerBody()['text_2']}"
            },
            "authentication": {
              "type": "Raw",
              "value": "@json(decodeBase64(triggerOutputs().headers['X-MS-APIM-Tokens']))['$ConnectionKey']"
            }
          }
        },
        "Respond_to_a_PowerApp_or_flow": {
          "runAfter": {
            "Add_a_new_approval_task": [
              "Succeeded"
            ]
          },
          "metadata": {
            "operationMetadataId": "0c3a1caa-3d3e-4451-a878-3935aea7ab84"
          },
          "type": "Response",
          "kind": "PowerApp",
          "inputs": {
            "statusCode": 200,
            "body": {
              "statuscode": 200
            },
            "schema": {
              "type": "object",
              "properties": {
                "statuscode": {
                  "title": "statuscode",
                  "x-ms-dynamically-added": true,
                  "type": "number"
                }
              }
            }
          }
        }
      }
    }
  },
  "schemaVersion": "1.0.0.0"
}