{
  "properties": {
    "connectionReferences": {
      "shared_commondataserviceforapps": {
        "runtimeSource": "embedded",
        "connection": {
          "connectionReferenceLogicalName": "new_sharedcommondataserviceforapps_347b2"
        },
        "api": {
          "name": "shared_commondataserviceforapps"
        }
      }
    },
    "definition": {
      "$schema": "https://schema.management.azure.com/providers/Microsoft.Logic/schemas/2016-06-01/workflowdefinition.json#",
      "contentVersion": "1.0.0.0",
      "parameters": {
        "$connections": {
          "defaultValue": {},
          "type": "Object"
        },
        "$authentication": {
          "defaultValue": {},
          "type": "SecureObject"
        }
      },
      "triggers": {
        "When_a_row_is_added,_modified_or_deleted": {
          "metadata": {
            "operationMetadataId": "2d654328-b61f-4250-b658-77aff26848c7"
          },
          "type": "OpenApiConnectionWebhook",
          "inputs": {
            "host": {
              "connectionName": "shared_commondataserviceforapps",
              "operationId": "SubscribeWebhookTrigger",
              "apiId": "/providers/Microsoft.PowerApps/apis/shared_commondataserviceforapps"
            },
            "parameters": {
              "subscriptionRequest/message": 3,
              "subscriptionRequest/entityname": "new_vacationapproval",
              "subscriptionRequest/scope": 4,
              "subscriptionRequest/filteringattributes": "statuscode",
              "subscriptionRequest/filterexpression": "statuscode eq 6"
            },
            "authentication": "@parameters('$authentication')"
          }
        }
      },
      "actions": {
        "Add_a_new_approval_task": {
          "runAfter": {
            "get_approver": [
              "Succeeded"
            ]
          },
          "metadata": {
            "operationMetadataId": "9fd5a90d-c329-4a75-85e3-e60a1e65f67b"
          },
          "type": "OpenApiConnection",
          "inputs": {
            "host": {
              "connectionName": "shared_commondataserviceforapps",
              "operationId": "CreateRecord",
              "apiId": "/providers/Microsoft.PowerApps/apis/shared_commondataserviceforapps"
            },
            "parameters": {
              "entityName": "new_approvaltasks",
              "item/subject": "Vacation Approval About - @{triggerOutputs()?['body/new_name']}",
              "item/new_approvaltype": 871840000,
              "item/new_order": 1,
              "item/ownerid_new_approvaltask@odata.bind": "systemusers/@{first(outputs('get_approver')?['body/value'])?['_new_approver_value']}",
              "item/regardingobjectid_new_vacationapproval_new_approvaltask@odata.bind": "new_vacationapprovals/@{triggerOutputs()?['body/new_vacationapprovalid']}"
            },
            "authentication": "@parameters('$authentication')"
          }
        },
        "get_open_relevant_approval_tasks": {
          "runAfter": {},
          "metadata": {
            "operationMetadataId": "9c835ed3-aea8-4ea8-9ea5-02fce0ffdbe6"
          },
          "type": "OpenApiConnection",
          "inputs": {
            "host": {
              "connectionName": "shared_commondataserviceforapps",
              "operationId": "ListRecords",
              "apiId": "/providers/Microsoft.PowerApps/apis/shared_commondataserviceforapps"
            },
            "parameters": {
              "entityName": "new_approvaltasks",
              "$filter": "_regardingobjectid_value eq @{triggerOutputs()?['body/new_vacationapprovalid']} and statecode eq 0"
            },
            "authentication": "@parameters('$authentication')"
          }
        },
        "If_there_are_open_tasks,cancel_flow": {
          "actions": {
            "Terminate": {
              "runAfter": {},
              "metadata": {
                "operationMetadataId": "2b25282b-90a5-4d08-ad16-ed7dabc14df4"
              },
              "type": "Terminate",
              "inputs": {
                "runStatus": "Cancelled"
              }
            }
          },
          "runAfter": {
            "get_open_relevant_approval_tasks": [
              "Succeeded"
            ]
          },
          "expression": {
            "greater": [
              "@length(outputs('get_open_relevant_approval_tasks')?['body/value'])",
              0
            ]
          },
          "metadata": {
            "operationMetadataId": "cc18ddf4-46e8-43ab-ad5c-788742fc6a3c"
          },
          "type": "If"
        },
        "get_approval_flow": {
          "runAfter": {
            "If_there_are_open_tasks,cancel_flow": [
              "Succeeded"
            ]
          },
          "metadata": {
            "operationMetadataId": "20a786fd-d9ae-4bc3-a99b-dcfb17a9a8a7"
          },
          "type": "OpenApiConnection",
          "inputs": {
            "host": {
              "connectionName": "shared_commondataserviceforapps",
              "operationId": "ListRecords",
              "apiId": "/providers/Microsoft.PowerApps/apis/shared_commondataserviceforapps"
            },
            "parameters": {
              "entityName": "new_approvalflows",
              "$select": "new_approvalflowid",
              "$filter": "new_name eq 'Young‘s flow'",
              "$top": 1
            },
            "authentication": "@parameters('$authentication')"
          }
        },
        "get_approver": {
          "runAfter": {
            "get_approval_flow": [
              "Succeeded"
            ]
          },
          "metadata": {
            "operationMetadataId": "184f51a3-019d-4528-adcc-b325bc4da717"
          },
          "type": "OpenApiConnection",
          "inputs": {
            "host": {
              "connectionName": "shared_commondataserviceforapps",
              "operationId": "ListRecords",
              "apiId": "/providers/Microsoft.PowerApps/apis/shared_commondataserviceforapps"
            },
            "parameters": {
              "entityName": "new_approvalusers",
              "$select": "new_approver",
              "$filter": "_new_approvalflow_r_value eq @{first(outputs('get_approval_flow')?['body/value'])?['new_approvalflowid']} and new_order eq 1",
              "$top": 1
            },
            "authentication": "@parameters('$authentication')"
          }
        },
        "Update_vacation_approval_status_to_approving": {
          "runAfter": {
            "Add_a_new_approval_task": [
              "Succeeded"
            ]
          },
          "metadata": {
            "operationMetadataId": "02bb1826-fbc7-4bcc-968f-51e98f5d5003"
          },
          "type": "OpenApiConnection",
          "inputs": {
            "host": {
              "connectionName": "shared_commondataserviceforapps",
              "operationId": "UpdateRecord",
              "apiId": "/providers/Microsoft.PowerApps/apis/shared_commondataserviceforapps"
            },
            "parameters": {
              "entityName": "new_vacationapprovals",
              "recordId": "@triggerOutputs()?['body/new_vacationapprovalid']",
              "item/statecode": 1,
              "item/statuscode": 7
            },
            "authentication": "@parameters('$authentication')"
          }
        }
      }
    }
  },
  "schemaVersion": "1.0.0.0"
}