{
  "properties": {
    "connectionReferences": {
      "shared_commondataserviceforapps": {
        "runtimeSource": "embedded",
        "connection": {
          "connectionReferenceLogicalName": "new_sharedcommondataserviceforapps_347b2"
        },
        "api": {
          "name": "shared_commondataserviceforapps"
        }
      }
    },
    "definition": {
      "$schema": "https://schema.management.azure.com/providers/Microsoft.Logic/schemas/2016-06-01/workflowdefinition.json#",
      "contentVersion": "1.0.0.0",
      "parameters": {
        "$connections": {
          "defaultValue": {},
          "type": "Object"
        },
        "$authentication": {
          "defaultValue": {},
          "type": "SecureObject"
        }
      },
      "triggers": {
        "When_a_row_is_added,_modified_or_deleted": {
          "metadata": {
            "operationMetadataId": "68513619-b023-4cfb-9eb2-408141d2a29b"
          },
          "type": "OpenApiConnectionWebhook",
          "inputs": {
            "host": {
              "connectionName": "shared_commondataserviceforapps",
              "operationId": "SubscribeWebhookTrigger",
              "apiId": "/providers/Microsoft.PowerApps/apis/shared_commondataserviceforapps"
            },
            "parameters": {
              "subscriptionRequest/message": 3,
              "subscriptionRequest/entityname": "new_approvaltask",
              "subscriptionRequest/scope": 4,
              "subscriptionRequest/filteringattributes": "statecode"
            },
            "authentication": "@parameters('$authentication')"
          }
        }
      },
      "actions": {
        "according_to_approval_type_switch_to_call_child_flow": {
          "runAfter": {},
          "cases": {
            "Vacaion_Approval": {
              "case": 871840000,
              "actions": {
                "Run_a_Child_Flow": {
                  "runAfter": {},
                  "type": "Workflow",
                  "inputs": {
                    "host": {
                      "workflowReferenceName": "5f2ab1ca-4706-ed11-82e5-000d3a0878dc"
                    },
                    "body": {
                      "text_2": "@triggerOutputs()?['body/_regardingobjectid_value']",
                      "text_3": "@triggerOutputs()?['body/subject']",
                      "number": "@triggerOutputs()?['body/new_order']",
                      "number_1": "@triggerOutputs()?['body/statuscode']"
                    }
                  }
                }
              }
            }
          },
          "default": {
            "actions": {}
          },
          "expression": "@triggerOutputs()?['body/new_approvaltype']",
          "metadata": {
            "operationMetadataId": "12d9eb86-636e-4d6e-84b3-961acf5bf50a"
          },
          "type": "Switch"
        }
      }
    }
  },
  "schemaVersion": "1.0.0.0"
}