<appaction uniquename="new__SubmitApproval!77a0ebe3f064493ab2649fbb8f5e4f58!new_MyApproval!new_vacationapproval!0">
  <appmoduleid>
    <uniquename>new_MyApproval</uniquename>
  </appmoduleid>
  <buttonlabeltext default="SubmitApproval">
    <label description="SubmitApproval" languagecode="1033" />
  </buttonlabeltext>
  <buttonsequencepriority>15.0000000000</buttonsequencepriority>
  <context>1</context>
  <contextentity>
    <logicalname>new_vacationapproval</logicalname>
  </contextentity>
  <contextvalue>new_vacationapproval</contextvalue>
  <fonticon>SendEmail</fonticon>
  <hidden>0</hidden>
  <iscustomizable>1</iscustomizable>
  <isgrouptitlehidden>0</isgrouptitlehidden>
  <location>0</location>
  <name>SubmitApproval!77a0ebe3f064493ab2649fbb8f5e4f58</name>
  <onclickeventformulacomponentlibraryid>
    <name>new_myapprovaldefaultcommandlibrary_a1952</name>
  </onclickeventformulacomponentlibraryid>
  <onclickeventformulacomponentname>3f93a134f2b842a794ce16b7f5b88599</onclickeventformulacomponentname>
  <onclickeventformulafunctionname>OnSelect</onclickeventformulafunctionname>
  <onclickeventtype>1</onclickeventtype>
  <statecode>0</statecode>
  <statuscode>1</statuscode>
  <type>0</type>
  <visibilityformulacomponentlibraryid>
    <name>new_myapprovaldefaultcommandlibrary_a1952</name>
  </visibilityformulacomponentlibraryid>
  <visibilityformulacomponentname>3f93a134f2b842a794ce16b7f5b88599</visibilityformulacomponentname>
  <visibilityformulafunctionname>Visible</visibilityformulafunctionname>
  <visibilitytype>1</visibilitytype>
</appaction>